{"mean": 129.52557373046875, "std": 65.01309204101562}